obj,ffp,mat
ReinforcedConcretePlaneStress,material/nD/reinforcedConcretePlaneStress/ReinforcedConcretePlaneStress.cpp,0
ReinforceConcretePlaneStress,-,0
InitStressNDMaterial,material/nD/InitStressNDMaterial.cpp,0
InitStressND,material/nD/InitStressNDMaterial.cpp,1
J2BeamFiber,-,0
J2PlateFibre,material/nD/J2PlateFibre.cpp,0
FAReinforcedConcretePlaneStress,material/nD/reinforcedConcretePlaneStress/FAReinforcedConcretePlaneStress.cpp,0
FAReinforceConcretePlaneStress,-,0
RAFourSteelRCPlaneStress,material/nD/reinforcedConcretePlaneStress/RAFourSteelRCPlaneStress.cpp,0
FAFourSteelRCPlaneStress,material/nD/reinforcedConcretePlaneStress/FAFourSteelRCPlaneStress.cpp,0
Damage2p,-,0
PrestressedConcretePlaneStress,material/nD/reinforcedConcretePlaneStress/PrestressedConcretePlaneStress.cpp,0
FAPrestressedConcretePlaneStress,material/nD/reinforcedConcretePlaneStress/FAPrestressedConcretePlaneStress.cpp,0
RAFourSteetPCPlaneStress,-,0
FAFourSteelPCPlaneStress,material/nD/reinforcedConcretePlaneStress/FAFourSteelPCPlaneStress.cpp,0
DruckerPrager,material/nD/UWmaterials/DruckerPrager.cpp,0
TruncatedDP,-,0
FSAM,material/nD/FSAM.cpp,0
AcousticMedium,material/nD/AcousticMedium.cpp,0
MaterialCMM,material/nD/matCMM/MaterialCMM.cpp,0
CycLiqCP,material/nD/CycLiqCP.cpp,0
CycLiqCPSP,material/nD/CycLiqCPSP.cpp,0
BoundingCamClay,material/nD/UWmaterials/BoundingCamClay.cpp,0
ManzariDafalias,material/nD/UWmaterials/ManzariDafalias.cpp,0
ContactMaterial2D,material/nD/UWmaterials/ContactMaterial2D.cpp,0
ContactMaterial3D,material/nD/UWmaterials/ContactMaterial3D.cpp,0
InitialStateAnalysisWrapper,material/nD/UWmaterials/InitialStateAnalysisWrapper.cpp,0
StressDensityModel,material/nD/stressDensityModel/StressDensityModel.cpp,0
stressDensity,material/nD/stressDensityModel/stressDensity.cpp,0
ElasticIsotropic,material/nD/ElasticIsotropicMaterial.cpp,1
ElasticIsotropic3D,-,0
ElasticOrthotropic3D,-,0
ElasticOrthotropic,material/nD/ElasticOrthotropicMaterial.cpp,1
PressureDependentElastic3D,material/nD/PressureDependentElastic3D.cpp,0
J2Plasticity,material/nD/J2Plasticity.cpp,0
J2,-,0
PlaneStressSimplifiedJ2,material/nD/PlaneStressSimplifiedJ2.cpp,0
MultiaxialCyclicPlasticity,material/nD/cyclicSoil/MultiaxialCyclicPlasticity.cpp,0
MCP,-,0
PressureIndependMultiYield,material/nD/soil/PressureIndependMultiYield.cpp,0
MultiYieldSurfaceClay,material/nD/soil/MultiYieldSurfaceClay.cpp,0
PressureDependMultiYield,material/nD/soil/PressureDependMultiYield.cpp,0
PressureDependMultiYield02,material/nD/soil/PressureDependMultiYield02.cpp,0
FluidSolidPorous,material/nD/soil/FluidSolidPorousMaterial.cpp,1
PlaneStressMaterial,material/nD/PlaneStressMaterial.cpp,0
PlaneStress,material/nD/PlaneStressMaterial.cpp,1
PlaneStrainMaterial,material/nD/PlaneStrainMaterial.cpp,0
PlaneStrain,material/nD/PlaneStrainMaterial.cpp,1
PlateFiber,material/nD/PlateFiberMaterial.cpp,1
PlateFiberMaterial,material/nD/PlateFiberMaterial.cpp,0
CapPlasticity,material/nD/CapPlasticity.cpp,0
Simplified3DJ2,-,0
3DJ2,-,0
PlateRebarMaterial,material/nD/PlateRebarMaterial.cpp,0
PlateRebar,material/nD/PlateRebarMaterial.cpp,1
PlateFromPlaneStressMaterial,material/nD/PlateFromPlaneStressMaterial.cpp,0
PlateFromPlaneStress,material/nD/PlateFromPlaneStressMaterial.cpp,1
ConcreteS,material/nD/ConcreteS.cpp,0
PlaneStressUserMaterial,material/nD/PlaneStressUserMaterial.cpp,0
BeamFiberMaterial,material/nD/BeamFiberMaterial.cpp,0
BeamFiber,material/nD/BeamFiberMaterial.cpp,1
BeamFiber2d,-,0
BeamFiber2dPS,-,0
PM4Sand,material/nD/UWmaterials/PM4Sand.cpp,0
UVCplanestress,material/nD/UVCplanestress.cpp,0
UVCmultiaxial,material/nD/UVCmultiaxial.cpp,0
PressureDependMultiYield03,material/nD/soil/PressureDependMultiYield03.cpp,0
PlasticDamageConcretePlaneStress,material/nD/PlasticDamageConcretePlaneStress.cpp,0
